client_id,client_firstname,client_lastname,email_id
1342,Bertine,Sekofski,Bertine.Sekofski@gmail.com
1343,Alyda,Zuzana,Alyda.Zuzana@gmail.com
1344,Edith,Brieta,Edith.Brieta@gmail.com
1345,Kellen,Wittie,Kellen.Wittie@gmail.com
1346,Nyssa,Yorick,Nyssa.Yorick@gmail.com
1347,Lanna,Terrence,Lanna.Terrence@gmail.com
1348,Mathilda,Ellerey,Mathilda.Ellerey@gmail.com
1349,Daryl,Carri,Daryl.Carri@gmail.com
1350,Laure,Raimondo,Laure.Raimondo@gmail.com
1351,Tamqrah,Bach,Tamqrah.Bach@gmail.com
1352,Rebeca,Borrell,Rebeca.Borrell@gmail.com
1353,Ethel,Odysseus,Ethel.Odysseus@gmail.com
1354,Courtnay,Goldina,Courtnay.Goldina@gmail.com
1355,Chastity,Thar,Chastity.Thar@gmail.com
1356,Julieta,Fadiman,Julieta.Fadiman@gmail.com
1357,Shauna,Yerkovich,Shauna.Yerkovich@gmail.com
1358,Randa,Dorine,Randa.Dorine@gmail.com
1359,Olivette,Ramona,Olivette.Ramona@gmail.com
1360,Siana,Iphlgenia,Siana.Iphlgenia@gmail.com
1361,Angelique,Rudolph,Angelique.Rudolph@gmail.com
1362,Tera,Regan,Tera.Regan@gmail.com
1363,Gerianna,Roarke,Gerianna.Roarke@gmail.com
1364,Farrah,Kaja,Farrah.Kaja@gmail.com
1365,Ricky,Ilka,Ricky.Ilka@gmail.com
1366,Marylou,Gower,Marylou.Gower@gmail.com
1367,Darci,Yusuk,Darci.Yusuk@gmail.com
1368,Sissy,Ilka,Sissy.Ilka@gmail.com
1369,Ketti,Pond,Ketti.Pond@gmail.com
1370,Perry,Simmonds,Perry.Simmonds@gmail.com
1371,Melina,Prouty,Melina.Prouty@gmail.com
1372,Selia,Roarke,Selia.Roarke@gmail.com
1373,Devina,Gaal,Devina.Gaal@gmail.com
1374,Alia,Brunell,Alia.Brunell@gmail.com
1375,Celene,Colyer,Celene.Colyer@gmail.com
1376,Leona,Hurley,Leona.Hurley@gmail.com
1377,Melodie,Tarrant,Melodie.Tarrant@gmail.com
1378,Ida,Bethany,Ida.Bethany@gmail.com
1379,Mignon,Federica,Mignon.Federica@gmail.com
1380,Alyssa,Liebermann,Alyssa.Liebermann@gmail.com
1381,Mireielle,Hertzfeld,Mireielle.Hertzfeld@gmail.com
1382,Mathilda,Colyer,Mathilda.Colyer@gmail.com
1383,Loree,Lipson,Loree.Lipson@gmail.com
1384,Chandra,Firmin,Chandra.Firmin@gmail.com
1385,Celisse,Ricki,Celisse.Ricki@gmail.com
1386,Wilma,Toor,Wilma.Toor@gmail.com
1387,Mary,Hazlett,Mary.Hazlett@gmail.com
1388,Felice,Smitt,Felice.Smitt@gmail.com
1389,Zia,Ethban,Zia.Ethban@gmail.com
1390,Aurore,Randene,Aurore.Randene@gmail.com
1391,Tina,Gregrory,Tina.Gregrory@gmail.com
1392,Gisela,Croix,Gisela.Croix@gmail.com
1393,Dorene,Bevin,Dorene.Bevin@gmail.com
1394,Lonnie,Thad,Lonnie.Thad@gmail.com
1395,Amii,Krystle,Amii.Krystle@gmail.com
1396,Marcelline,Thilda,Marcelline.Thilda@gmail.com
1397,Gertrud,Cyrie,Gertrud.Cyrie@gmail.com
1398,Sabina,Kalinda,Sabina.Kalinda@gmail.com
1399,Celestyna,Concha,Celestyna.Concha@gmail.com
1400,Fina,Primalia,Fina.Primalia@gmail.com
1401,Verla,Tybald,Verla.Tybald@gmail.com
1402,Ivett,Dimitris,Ivett.Dimitris@gmail.com
1403,Aurore,Tayib,Aurore.Tayib@gmail.com
1404,Atlanta,Honoria,Atlanta.Honoria@gmail.com
1405,Jenilee,Halsey,Jenilee.Halsey@gmail.com
1406,Kaia,Muriel,Kaia.Muriel@gmail.com
1407,Kalina,Rurik,Kalina.Rurik@gmail.com
1408,Arabel,Natica,Arabel.Natica@gmail.com
1409,Elfreda,Loleta,Elfreda.Loleta@gmail.com
1410,Brana,Podvin,Brana.Podvin@gmail.com
1411,Louella,Garrison,Louella.Garrison@gmail.com
1412,Krystle,Anyah,Krystle.Anyah@gmail.com
1413,Jessy,Carbo,Jessy.Carbo@gmail.com
1414,Farrah,Abbot,Farrah.Abbot@gmail.com
1415,Fidelia,Carleen,Fidelia.Carleen@gmail.com
1416,Lilith,Nickola,Lilith.Nickola@gmail.com
1417,Kial,Bearnard,Kial.Bearnard@gmail.com
1418,Pierette,Gilbertson,Pierette.Gilbertson@gmail.com
1419,Christian,Allys,Christian.Allys@gmail.com
1420,Mariele,Longfellow,Mariele.Longfellow@gmail.com
1421,Florencia,Ophelia,Florencia.Ophelia@gmail.com
1422,Fidelia,Stephie,Fidelia.Stephie@gmail.com
1423,Demetris,Hilbert,Demetris.Hilbert@gmail.com
1424,Paulita,Wattenberg,Paulita.Wattenberg@gmail.com
1425,Philis,Ivens,Philis.Ivens@gmail.com
1426,Gavrielle,Hanshaw,Gavrielle.Hanshaw@gmail.com
1427,Daryl,McClimans,Daryl.McClimans@gmail.com
1428,Concettina,Percy,Concettina.Percy@gmail.com
1429,Blondelle,Ivens,Blondelle.Ivens@gmail.com
1430,Tybie,Kussell,Tybie.Kussell@gmail.com
1431,Candi,Jammal,Candi.Jammal@gmail.com
1432,Valera,Harl,Valera.Harl@gmail.com
1433,Donnie,Ellerey,Donnie.Ellerey@gmail.com
1434,Ardys,Kenwood,Ardys.Kenwood@gmail.com
1435,Jasmina,Tremayne,Jasmina.Tremayne@gmail.com
1436,Karena,Agle,Karena.Agle@gmail.com
1437,Silvana,Edee,Silvana.Edee@gmail.com
1438,Paola,Germann,Paola.Germann@gmail.com
1439,Iseabal,Kathie,Iseabal.Kathie@gmail.com
1440,Tamqrah,Charmine,Tamqrah.Charmine@gmail.com
1441,Augustine,Trinetta,Augustine.Trinetta@gmail.com
1442,Caressa,Drisko,Caressa.Drisko@gmail.com
1443,Betta,Bryna,Betta.Bryna@gmail.com
1444,Hayley,Ulphia,Hayley.Ulphia@gmail.com
1445,Dacia,Syd,Dacia.Syd@gmail.com
1446,Marnia,Carleen,Marnia.Carleen@gmail.com
1447,Fina,Fiann,Fina.Fiann@gmail.com
1448,Veda,Sibyls,Veda.Sibyls@gmail.com
1449,Mariele,Sheng,Mariele.Sheng@gmail.com
1450,Pamella,Thema,Pamella.Thema@gmail.com
1451,Delilah,Pettiford,Delilah.Pettiford@gmail.com
1452,Dotty,Durante,Dotty.Durante@gmail.com
1453,Joceline,Ummersen,Joceline.Ummersen@gmail.com
1454,Cissiee,Emmaline,Cissiee.Emmaline@gmail.com
1455,Yolane,Joeann,Yolane.Joeann@gmail.com
1456,Aurelie,Kellby,Aurelie.Kellby@gmail.com
1457,Dorice,Jehu,Dorice.Jehu@gmail.com
1458,Lita,Kalinda,Lita.Kalinda@gmail.com
1459,Almeta,Garlinda,Almeta.Garlinda@gmail.com
1460,Arlena,Hewitt,Arlena.Hewitt@gmail.com
1461,Starla,Junie,Starla.Junie@gmail.com
1462,Tatiania,Giule,Tatiania.Giule@gmail.com
1463,Abbie,Kravits,Abbie.Kravits@gmail.com
1464,Shaylyn,Susannah,Shaylyn.Susannah@gmail.com
1465,Larine,Schonfeld,Larine.Schonfeld@gmail.com
1466,Dione,Allina,Dione.Allina@gmail.com
1467,Dulce,Sibyls,Dulce.Sibyls@gmail.com
1468,Viki,Cherianne,Viki.Cherianne@gmail.com
1469,Aeriela,Knowling,Aeriela.Knowling@gmail.com
1470,Adelle,Thomasina,Adelle.Thomasina@gmail.com
1471,Fidelia,Kaja,Fidelia.Kaja@gmail.com
1472,Vevay,Reidar,Vevay.Reidar@gmail.com
1473,Lisette,Elbertina,Lisette.Elbertina@gmail.com
1474,Marguerite,Fitzsimmons,Marguerite.Fitzsimmons@gmail.com
1475,Annaliese,Stacy,Annaliese.Stacy@gmail.com
1476,Sheelagh,Haerr,Sheelagh.Haerr@gmail.com
1477,Mara,Pierette,Mara.Pierette@gmail.com
1478,Marti,Elsinore,Marti.Elsinore@gmail.com
1479,Micheline,Arvo,Micheline.Arvo@gmail.com
1480,Perry,Hazlett,Perry.Hazlett@gmail.com
1481,Korrie,Ferino,Korrie.Ferino@gmail.com
1482,Daryl,Jenness,Daryl.Jenness@gmail.com
1483,Tarra,Manolo,Tarra.Manolo@gmail.com
1484,Cassandra,Infield,Cassandra.Infield@gmail.com
1485,Henriette,Rozanna,Henriette.Rozanna@gmail.com
1486,Lorenza,Donell,Lorenza.Donell@gmail.com
1487,Ottilie,Tarrant,Ottilie.Tarrant@gmail.com
1488,Giustina,Prouty,Giustina.Prouty@gmail.com
1489,Stacey,Bertold,Stacey.Bertold@gmail.com
1490,Jan,Ardeha,Jan.Ardeha@gmail.com
1491,Michaelina,Rustice,Michaelina.Rustice@gmail.com
1492,Diena,Medrek,Diena.Medrek@gmail.com
1493,Merry,Glenden,Merry.Glenden@gmail.com
1494,Tori,Giff,Tori.Giff@gmail.com
1495,Daryl,Felizio,Daryl.Felizio@gmail.com
1496,Viviene,Hirsch,Viviene.Hirsch@gmail.com
1497,Fred,Nelsen,Fred.Nelsen@gmail.com
1498,Rosanne,Grayce,Rosanne.Grayce@gmail.com
1499,Ira,Palocz,Ira.Palocz@gmail.com
1500,Dione,Jaylene,Dione.Jaylene@gmail.com
1501,Jean,Sidonius,Jean.Sidonius@gmail.com
1502,Charlena,Louanna,Charlena.Louanna@gmail.com
1503,Joy,Lalitta,Joy.Lalitta@gmail.com
1504,Kial,Lauraine,Kial.Lauraine@gmail.com
1505,Ricky,Yate,Ricky.Yate@gmail.com
1506,Winny,Carey,Winny.Carey@gmail.com
1507,Nannie,Ackerley,Nannie.Ackerley@gmail.com
1508,Fayre,Wesle,Fayre.Wesle@gmail.com
1509,Doralynne,Milson,Doralynne.Milson@gmail.com
1510,Olivette,Amadas,Olivette.Amadas@gmail.com
1511,Barbi,Cavan,Barbi.Cavan@gmail.com
1512,Karly,Bethany,Karly.Bethany@gmail.com
1513,Valera,Brittani,Valera.Brittani@gmail.com
1514,Wanda,Love,Wanda.Love@gmail.com
1515,Sissy,Nelsen,Sissy.Nelsen@gmail.com
1516,Shell,Hutchison,Shell.Hutchison@gmail.com
1517,Sue,Wildermuth,Sue.Wildermuth@gmail.com
1518,Peri,Slifka,Peri.Slifka@gmail.com
1519,Annaliese,Merat,Annaliese.Merat@gmail.com
1520,Morganica,Jalbert,Morganica.Jalbert@gmail.com
1521,Ana,Richers,Ana.Richers@gmail.com
1522,Allis,Rese,Allis.Rese@gmail.com
1523,Tabbatha,Vittoria,Tabbatha.Vittoria@gmail.com
1524,Lusa,Erlandson,Lusa.Erlandson@gmail.com
1525,Zondra,Romelda,Zondra.Romelda@gmail.com
1526,Luci,Korey,Luci.Korey@gmail.com
1527,Sashenka,Fredi,Sashenka.Fredi@gmail.com
1528,Cathyleen,Fiester,Cathyleen.Fiester@gmail.com
1529,Hettie,Cottle,Hettie.Cottle@gmail.com
1530,Kathy,Vivle,Kathy.Vivle@gmail.com
1531,Cassandra,Yorick,Cassandra.Yorick@gmail.com
1532,Peri,Nerita,Peri.Nerita@gmail.com
1533,Monika,Bibi,Monika.Bibi@gmail.com
1534,Charissa,Creamer,Charissa.Creamer@gmail.com
1535,Courtnay,Stanwood,Courtnay.Stanwood@gmail.com
1536,Paola,McGrody,Paola.McGrody@gmail.com
1537,Robbi,Tengdin,Robbi.Tengdin@gmail.com
1538,Merrie,Afton,Merrie.Afton@gmail.com
1539,Amii,Liva,Amii.Liva@gmail.com
1540,Kathi,Tristram,Kathi.Tristram@gmail.com
1541,Farrah,Dimitris,Farrah.Dimitris@gmail.com
1542,Glynnis,Laurianne,Glynnis.Laurianne@gmail.com
1543,Janey,Esmaria,Janey.Esmaria@gmail.com
1544,Emylee,Fairweather,Emylee.Fairweather@gmail.com
1545,Anestassia,Rad,Anestassia.Rad@gmail.com
1546,Hildegaard,Ahab,Hildegaard.Ahab@gmail.com
1547,Marita,Daveta,Marita.Daveta@gmail.com
1548,Merry,Bartlett,Merry.Bartlett@gmail.com
1549,Tarra,Fiann,Tarra.Fiann@gmail.com
1550,Felice,Baptlsta,Felice.Baptlsta@gmail.com
1551,Vivia,Eugenia,Vivia.Eugenia@gmail.com
1552,Sidoney,Chauncey,Sidoney.Chauncey@gmail.com
1553,Gusty,Junie,Gusty.Junie@gmail.com
1554,Teddie,Rona,Teddie.Rona@gmail.com
1555,Briney,Casimir,Briney.Casimir@gmail.com
1556,Daphne,Latini,Daphne.Latini@gmail.com
1557,Jemie,Jobi,Jemie.Jobi@gmail.com
1558,Agnese,Odell,Agnese.Odell@gmail.com
1559,Johna,Francyne,Johna.Francyne@gmail.com
1560,Johna,Stav,Johna.Stav@gmail.com
1561,Malina,Lorenz,Malina.Lorenz@gmail.com
1562,Elmira,Japeth,Elmira.Japeth@gmail.com
1563,June,Brenn,June.Brenn@gmail.com
1564,Malina,Ries,Malina.Ries@gmail.com
1565,Alyssa,Elephus,Alyssa.Elephus@gmail.com
1566,Merrie,Pacorro,Merrie.Pacorro@gmail.com
1567,Marnia,Wenda,Marnia.Wenda@gmail.com
1568,Maisey,Natica,Maisey.Natica@gmail.com
1569,Rhea,Erminia,Rhea.Erminia@gmail.com
1570,Darlleen,Georas,Darlleen.Georas@gmail.com
1571,Kary,Himelman,Kary.Himelman@gmail.com
1572,Marleah,Sophronia,Marleah.Sophronia@gmail.com
1573,Belinda,Fulmer,Belinda.Fulmer@gmail.com
1574,Albertina,Graig,Albertina.Graig@gmail.com
1575,Jackie,Cloris,Jackie.Cloris@gmail.com
1576,Anica,Goldina,Anica.Goldina@gmail.com
1577,Concettina,Burnside,Concettina.Burnside@gmail.com
1578,Ethel,Izaak,Ethel.Izaak@gmail.com
1579,Vita,Beebe,Vita.Beebe@gmail.com
1580,Althea,Desai,Althea.Desai@gmail.com
1581,Roxane,Palocz,Roxane.Palocz@gmail.com
1582,Margette,Vilma,Margette.Vilma@gmail.com
1583,Angelique,Decato,Angelique.Decato@gmail.com
1584,Kimberley,Paine,Kimberley.Paine@gmail.com
1585,Rosaline,Rheingold,Rosaline.Rheingold@gmail.com
1586,Bibby,Fitzsimmons,Bibby.Fitzsimmons@gmail.com
1587,Benita,Lunsford,Benita.Lunsford@gmail.com
1588,Viviene,Damarra,Viviene.Damarra@gmail.com
1589,Hettie,Modie,Hettie.Modie@gmail.com
1590,Orsola,Ehrman,Orsola.Ehrman@gmail.com
1591,Vivia,Shelba,Vivia.Shelba@gmail.com
1592,Ottilie,Cosenza,Ottilie.Cosenza@gmail.com
1593,Eve,Schwejda,Eve.Schwejda@gmail.com
1594,Ruthe,Junie,Ruthe.Junie@gmail.com
1595,Queenie,Ackerley,Queenie.Ackerley@gmail.com
1596,Latisha,Caitlin,Latisha.Caitlin@gmail.com
1597,Tani,Alabaster,Tani.Alabaster@gmail.com
1598,Helena,Secrest,Helena.Secrest@gmail.com
1599,Tera,Yoko,Tera.Yoko@gmail.com
1600,Marline,Chauncey,Marline.Chauncey@gmail.com
1601,Brooks,Nahum,Brooks.Nahum@gmail.com
1602,Joy,Eliathas,Joy.Eliathas@gmail.com
1603,Zondra,Elephus,Zondra.Elephus@gmail.com
1604,Dolli,Cullin,Dolli.Cullin@gmail.com
1605,Emelina,Cleavland,Emelina.Cleavland@gmail.com
1606,Tori,Kylander,Tori.Kylander@gmail.com
1607,Cyndie,Ader,Cyndie.Ader@gmail.com
1608,Annecorinne,Bergman,Annecorinne.Bergman@gmail.com
1609,Fanny,Vale,Fanny.Vale@gmail.com
1610,Iseabal,Percy,Iseabal.Percy@gmail.com
1611,Noelle,Keily,Noelle.Keily@gmail.com
1612,Allis,Beniamino,Allis.Beniamino@gmail.com
1613,Tatiania,Vharat,Tatiania.Vharat@gmail.com
1614,Gusty,Barney,Gusty.Barney@gmail.com
1615,Jean,Mata,Jean.Mata@gmail.com
1616,Maurene,Maurine,Maurene.Maurine@gmail.com
1617,Nananne,Goerke,Nananne.Goerke@gmail.com
1618,Fred,Buttaro,Fred.Buttaro@gmail.com
1619,Nadine,Denis,Nadine.Denis@gmail.com
1620,Nerta,Kellby,Nerta.Kellby@gmail.com
1621,Joy,Leler,Joy.Leler@gmail.com
1622,Harrietta,Warthman,Harrietta.Warthman@gmail.com
1623,Inga,Parsaye,Inga.Parsaye@gmail.com
1624,Taffy,Fillbert,Taffy.Fillbert@gmail.com
1625,Teriann,Hillel,Teriann.Hillel@gmail.com
1626,Jsandye,Helfand,Jsandye.Helfand@gmail.com
1627,Arabel,Goldina,Arabel.Goldina@gmail.com
1628,Gerianna,Neva,Gerianna.Neva@gmail.com
1629,Janenna,Eno,Janenna.Eno@gmail.com
1630,Jasmina,Harl,Jasmina.Harl@gmail.com
1631,Gaylene,Glenden,Gaylene.Glenden@gmail.com
1632,Lenna,Nance,Lenna.Nance@gmail.com
1633,Dorice,Penelopa,Dorice.Penelopa@gmail.com
1634,Florencia,Ventre,Florencia.Ventre@gmail.com
1635,Karolina,Merell,Karolina.Merell@gmail.com
1636,Lusa,Cressida,Lusa.Cressida@gmail.com
1637,Nicoli,Dahlia,Nicoli.Dahlia@gmail.com
1638,Abbie,Minetta,Abbie.Minetta@gmail.com
1639,Celestyna,Wenoa,Celestyna.Wenoa@gmail.com
1640,Cyb,Jefferey,Cyb.Jefferey@gmail.com
1641,Augustine,Cordi,Augustine.Cordi@gmail.com
1642,Shell,Primalia,Shell.Primalia@gmail.com
1643,Elyssa,Malvino,Elyssa.Malvino@gmail.com
1644,Cissiee,Ivens,Cissiee.Ivens@gmail.com
1645,Courtnay,Astra,Courtnay.Astra@gmail.com
1646,Cassandra,Toor,Cassandra.Toor@gmail.com
1647,Annabela,Peg,Annabela.Peg@gmail.com
1648,Leeanne,Septima,Leeanne.Septima@gmail.com
1649,Veda,Goth,Veda.Goth@gmail.com
1650,Clo,Artie,Clo.Artie@gmail.com
1651,Orsola,Randene,Orsola.Randene@gmail.com
1652,Madeleine,Warthman,Madeleine.Warthman@gmail.com
1653,Mariann,Palocz,Mariann.Palocz@gmail.com
1654,Brana,Allina,Brana.Allina@gmail.com
1655,Nessie,Minetta,Nessie.Minetta@gmail.com
1656,Elyssa,Standing,Elyssa.Standing@gmail.com
1657,Kaja,Arvo,Kaja.Arvo@gmail.com
1658,Carly,Evangelia,Carly.Evangelia@gmail.com
1659,Cassandra,Janith,Cassandra.Janith@gmail.com
1660,Dode,Robertson,Dode.Robertson@gmail.com
1661,Bee,Ophelia,Bee.Ophelia@gmail.com
1662,Kerrin,Rossner,Kerrin.Rossner@gmail.com
1663,Cecile,Markman,Cecile.Markman@gmail.com
1664,Carree,Gregrory,Carree.Gregrory@gmail.com
1665,Nyssa,Celestine,Nyssa.Celestine@gmail.com
1666,Janey,Laverne,Janey.Laverne@gmail.com
1667,Harrietta,Peg,Harrietta.Peg@gmail.com
1668,Paola,Bendick,Paola.Bendick@gmail.com
1669,Libbie,Peti,Libbie.Peti@gmail.com
1670,Willetta,Elo,Willetta.Elo@gmail.com
1671,Agathe,Anastatius,Agathe.Anastatius@gmail.com
1672,Dede,Percy,Dede.Percy@gmail.com
1673,Atlanta,Astra,Atlanta.Astra@gmail.com
1674,Jacquetta,Fulmer,Jacquetta.Fulmer@gmail.com
1675,Candi,Markman,Candi.Markman@gmail.com
1676,Gavrielle,Phyllis,Gavrielle.Phyllis@gmail.com
1677,Cyndie,Peonir,Cyndie.Peonir@gmail.com
1678,Albertina,Salchunas,Albertina.Salchunas@gmail.com
1679,Maryellen,Jess,Maryellen.Jess@gmail.com
1680,Randa,Estella,Randa.Estella@gmail.com
1681,Dorice,McGrody,Dorice.McGrody@gmail.com
1682,Micheline,Blake,Micheline.Blake@gmail.com
1683,Lilith,Sheedy,Lilith.Sheedy@gmail.com
1684,Celestyna,Nester,Celestyna.Nester@gmail.com
1685,Darci,Tryck,Darci.Tryck@gmail.com
1686,Tarra,Mauer,Tarra.Mauer@gmail.com
1687,Phylis,Paine,Phylis.Paine@gmail.com
1688,Alexine,Cecile,Alexine.Cecile@gmail.com
1689,Halette,Ackerley,Halette.Ackerley@gmail.com
1690,Sarette,Karylin,Sarette.Karylin@gmail.com
1691,Ninnetta,Mendez,Ninnetta.Mendez@gmail.com
1692,Ernesta,Mauer,Ernesta.Mauer@gmail.com
1693,Xylina,Lutero,Xylina.Lutero@gmail.com
1694,Kassey,Janene,Kassey.Janene@gmail.com
1695,Yolane,Old,Yolane.Old@gmail.com
1696,Tonia,Chem,Tonia.Chem@gmail.com
1697,Susette,Pozzy,Susette.Pozzy@gmail.com
1698,Hallie,Chandler,Hallie.Chandler@gmail.com
1699,Corina,Lareena,Corina.Lareena@gmail.com
1700,Leona,Lytton,Leona.Lytton@gmail.com
1701,Ardenia,Hortensia,Ardenia.Hortensia@gmail.com
1702,Robinia,Egbert,Robinia.Egbert@gmail.com
1703,Dorthy,Anestassia,Dorthy.Anestassia@gmail.com
1704,Ericka,Sasnett,Ericka.Sasnett@gmail.com
1705,Caryl,Caitlin,Caryl.Caitlin@gmail.com
1706,Tressa,Hertzfeld,Tressa.Hertzfeld@gmail.com
1707,Nicoli,Truc,Nicoli.Truc@gmail.com
1708,Nariko,Yorick,Nariko.Yorick@gmail.com
1709,Felice,Dorine,Felice.Dorine@gmail.com
1710,Starla,Joeann,Starla.Joeann@gmail.com
1711,Elsie,Isacco,Elsie.Isacco@gmail.com
1712,Orelia,Abbot,Orelia.Abbot@gmail.com
1713,Julieta,Cloris,Julieta.Cloris@gmail.com
1714,Elbertina,Geffner,Elbertina.Geffner@gmail.com
1715,Ira,Wooster,Ira.Wooster@gmail.com
1716,Iseabal,Holtz,Iseabal.Holtz@gmail.com
1717,Shauna,Lubin,Shauna.Lubin@gmail.com
1718,Robinia,Chaing,Robinia.Chaing@gmail.com
1719,Renae,Michella,Renae.Michella@gmail.com
1720,Korrie,Wind,Korrie.Wind@gmail.com
1721,Hollie,Fadiman,Hollie.Fadiman@gmail.com
1722,Rochette,Jammal,Rochette.Jammal@gmail.com
1723,Luci,Damarra,Luci.Damarra@gmail.com
1724,Lynea,Tryck,Lynea.Tryck@gmail.com
1725,Justinn,Eldrid,Justinn.Eldrid@gmail.com
1726,Linet,Deegan,Linet.Deegan@gmail.com
1727,Tressa,Colyer,Tressa.Colyer@gmail.com
1728,Amelia,Diogenes,Amelia.Diogenes@gmail.com
1729,Layla,Halla,Layla.Halla@gmail.com
1730,Lilith,Berriman,Lilith.Berriman@gmail.com
1731,Ermengarde,Baylor,Ermengarde.Baylor@gmail.com
1732,Laure,Dermott,Laure.Dermott@gmail.com
1733,Dacia,Malvino,Dacia.Malvino@gmail.com
1734,Julieta,Garbe,Julieta.Garbe@gmail.com
1735,Willetta,Dorothy,Willetta.Dorothy@gmail.com
1736,Heida,Hailee,Heida.Hailee@gmail.com
1737,Rosene,Robertson,Rosene.Robertson@gmail.com
1738,Josephine,Audly,Josephine.Audly@gmail.com
1739,Melanie,Ummersen,Melanie.Ummersen@gmail.com
1740,Frank,Peg,Frank.Peg@gmail.com
1741,Corry,Clie,Corry.Clie@gmail.com
1742,Mireielle,Heidt,Mireielle.Heidt@gmail.com
1743,Hannis,Bebe,Hannis.Bebe@gmail.com
1744,Ellette,Maxi,Ellette.Maxi@gmail.com
1745,Hildegaard,Seumas,Hildegaard.Seumas@gmail.com
1746,Emmey,Egbert,Emmey.Egbert@gmail.com
1747,Margalo,Belanger,Margalo.Belanger@gmail.com
1748,Selma,Louanna,Selma.Louanna@gmail.com
1749,Gratia,Levey,Gratia.Levey@gmail.com
1750,Belva,Gibbeon,Belva.Gibbeon@gmail.com
1751,Laure,Eliathas,Laure.Eliathas@gmail.com
1752,Doro,Turne,Doro.Turne@gmail.com
1753,Ginnie,Knowling,Ginnie.Knowling@gmail.com
1754,Frieda,Paine,Frieda.Paine@gmail.com
1755,Ira,Teddman,Ira.Teddman@gmail.com
1756,Nadine,Harned,Nadine.Harned@gmail.com
1757,Roxane,Hebner,Roxane.Hebner@gmail.com
1758,Claresta,Oneida,Claresta.Oneida@gmail.com
1759,Blinni,Reinke,Blinni.Reinke@gmail.com
1760,Adelle,Lea,Adelle.Lea@gmail.com
1761,Mahalia,Trinetta,Mahalia.Trinetta@gmail.com
1762,Jenda,Shaddock,Jenda.Shaddock@gmail.com
1763,Charmaine,Sprage,Charmaine.Sprage@gmail.com
1764,Joceline,Salvidor,Joceline.Salvidor@gmail.com
1765,Elvira,Rocray,Elvira.Rocray@gmail.com
1766,Sam,Eckblad,Sam.Eckblad@gmail.com
1767,Kylynn,Hirsch,Kylynn.Hirsch@gmail.com
1768,Stephanie,Carbo,Stephanie.Carbo@gmail.com
1769,Judy,Atonsah,Judy.Atonsah@gmail.com
1770,Ivett,Faro,Ivett.Faro@gmail.com
1771,Abbie,Aida,Abbie.Aida@gmail.com
1772,Tybie,Colp,Tybie.Colp@gmail.com
1773,Renae,Horan,Renae.Horan@gmail.com
1774,Viki,Waite,Viki.Waite@gmail.com
1775,Lynde,Fancie,Lynde.Fancie@gmail.com
1776,Harmonia,Albertine,Harmonia.Albertine@gmail.com
1777,Orsola,Engdahl,Orsola.Engdahl@gmail.com
1778,Genovera,Gombach,Genovera.Gombach@gmail.com
1779,Nickie,Mott,Nickie.Mott@gmail.com
1780,Marleah,Chick,Marleah.Chick@gmail.com
1781,Robbi,Wind,Robbi.Wind@gmail.com
1782,Miquela,Bonucci,Miquela.Bonucci@gmail.com
1783,Lynde,Mike,Lynde.Mike@gmail.com
1784,Clary,Gower,Clary.Gower@gmail.com
1785,Mureil,Uund,Mureil.Uund@gmail.com
1786,Pearline,Gabrielli,Pearline.Gabrielli@gmail.com
1787,Shell,Briney,Shell.Briney@gmail.com
1788,Madalyn,Levey,Madalyn.Levey@gmail.com
1789,Talya,Maxi,Talya.Maxi@gmail.com
1790,Letizia,Wiener,Letizia.Wiener@gmail.com
1791,Brandise,Andrel,Brandise.Andrel@gmail.com
1792,Hyacinthe,Geffner,Hyacinthe.Geffner@gmail.com
1793,Tami,Reneta,Tami.Reneta@gmail.com
1794,Aryn,Schwejda,Aryn.Schwejda@gmail.com
1795,Elfreda,Hashim,Elfreda.Hashim@gmail.com
1796,Pamella,Mich,Pamella.Mich@gmail.com
1797,Elora,Frodi,Elora.Frodi@gmail.com
1798,Britni,Jalbert,Britni.Jalbert@gmail.com
1799,Gavrielle,Monaco,Gavrielle.Monaco@gmail.com
1800,Lonnie,Ezar,Lonnie.Ezar@gmail.com
1801,Kimberley,Jess,Kimberley.Jess@gmail.com
1802,Hyacinthe,An,Hyacinthe.An@gmail.com
1803,Jaclyn,Vittoria,Jaclyn.Vittoria@gmail.com
1804,Reeba,Center,Reeba.Center@gmail.com
1805,Lyssa,Cohdwell,Lyssa.Cohdwell@gmail.com
1806,Nariko,Malina,Nariko.Malina@gmail.com
1807,Dagmar,Gombach,Dagmar.Gombach@gmail.com
1808,Chloris,Mitzi,Chloris.Mitzi@gmail.com
1809,Kamilah,Scammon,Kamilah.Scammon@gmail.com
1810,Lilith,Beniamino,Lilith.Beniamino@gmail.com
1811,Mildrid,Deegan,Mildrid.Deegan@gmail.com
1812,Ada,Evangelia,Ada.Evangelia@gmail.com
1813,Adelle,Thema,Adelle.Thema@gmail.com
1814,Harmonia,Berne,Harmonia.Berne@gmail.com
1815,Leona,Girardo,Leona.Girardo@gmail.com
1816,Audrie,Sancho,Audrie.Sancho@gmail.com
1817,Rozele,Pelagias,Rozele.Pelagias@gmail.com
1818,Nyssa,Telfer,Nyssa.Telfer@gmail.com
1819,Bee,Tice,Bee.Tice@gmail.com
1820,Farrah,Jary,Farrah.Jary@gmail.com
1821,Clementine,Richers,Clementine.Richers@gmail.com
1822,Charlena,Publia,Charlena.Publia@gmail.com
1823,Dede,Dorine,Dede.Dorine@gmail.com
1824,Tiffie,Lareena,Tiffie.Lareena@gmail.com
1825,Mignon,Hashim,Mignon.Hashim@gmail.com
1826,Mureil,Goth,Mureil.Goth@gmail.com
1827,Ginnie,Brandice,Ginnie.Brandice@gmail.com
1828,Alejandra,Mata,Alejandra.Mata@gmail.com
1829,Deedee,Bollay,Deedee.Bollay@gmail.com
1830,Brietta,Vastah,Brietta.Vastah@gmail.com
1831,Elyssa,Romelda,Elyssa.Romelda@gmail.com
1832,Asia,Trace,Asia.Trace@gmail.com
1833,Gabriellia,Berriman,Gabriellia.Berriman@gmail.com
1834,Dania,Zitvaa,Dania.Zitvaa@gmail.com
1835,Cyb,Even,Cyb.Even@gmail.com
1836,Heddie,Weaks,Heddie.Weaks@gmail.com
1837,Linet,Ruvolo,Linet.Ruvolo@gmail.com
1838,Nerta,Lindemann,Nerta.Lindemann@gmail.com
1839,Tarra,Eckblad,Tarra.Eckblad@gmail.com
1840,Rhoda,O'Carroll,Rhoda.O'Carroll@gmail.com
1841,Glenda,Ricarda,Glenda.Ricarda@gmail.com
1842,Abbie,Stuart,Abbie.Stuart@gmail.com
1843,Mariann,Vorster,Mariann.Vorster@gmail.com
1844,Candy,Elsinore,Candy.Elsinore@gmail.com
1845,Cacilie,Yuille,Cacilie.Yuille@gmail.com
1846,Lusa,Land,Lusa.Land@gmail.com
1847,Jean,Dichy,Jean.Dichy@gmail.com
1848,Hope,Cynar,Hope.Cynar@gmail.com
1849,Jacquetta,Uund,Jacquetta.Uund@gmail.com
1850,Edith,Eugenia,Edith.Eugenia@gmail.com
1851,Yolane,Ezar,Yolane.Ezar@gmail.com
1852,Carolina,Aida,Carolina.Aida@gmail.com
1853,Janey,Dominy,Janey.Dominy@gmail.com
1854,Mara,Peti,Mara.Peti@gmail.com
1855,Jorry,Kat,Jorry.Kat@gmail.com
1856,Clo,Tarrant,Clo.Tarrant@gmail.com
1857,Kara-Lynn,Mott,Kara-Lynn.Mott@gmail.com
1858,Luci,Maribeth,Luci.Maribeth@gmail.com
1859,Yetty,Lia,Yetty.Lia@gmail.com
1860,Ilse,Buttaro,Ilse.Buttaro@gmail.com
1861,Tressa,Munn,Tressa.Munn@gmail.com
1862,Chere,Helve,Chere.Helve@gmail.com
1863,Julieta,Kevon,Julieta.Kevon@gmail.com
1864,Mellicent,Bettine,Mellicent.Bettine@gmail.com
1865,Wanda,Alabaster,Wanda.Alabaster@gmail.com
1866,Livvyy,Jess,Livvyy.Jess@gmail.com
1867,Genovera,Vilma,Genovera.Vilma@gmail.com
1868,Olivette,Esmaria,Olivette.Esmaria@gmail.com
1869,Gretal,Gordon,Gretal.Gordon@gmail.com
1870,Bettine,Boycey,Bettine.Boycey@gmail.com
1871,Mamie,Ailyn,Mamie.Ailyn@gmail.com
1872,Janey,Zaslow,Janey.Zaslow@gmail.com
1873,Brynna,Guildroy,Brynna.Guildroy@gmail.com
1874,Vonny,Abbot,Vonny.Abbot@gmail.com
1875,Monika,Westphal,Monika.Westphal@gmail.com
1876,Nannie,Janith,Nannie.Janith@gmail.com
1877,Liana,Raimondo,Liana.Raimondo@gmail.com
1878,Talya,Tound,Talya.Tound@gmail.com
1879,Melanie,Bollay,Melanie.Bollay@gmail.com
1880,Carmencita,Annice,Carmencita.Annice@gmail.com
1881,Agathe,Baylor,Agathe.Baylor@gmail.com
1882,Courtnay,Tound,Courtnay.Tound@gmail.com
1883,Roseline,Aaberg,Roseline.Aaberg@gmail.com
1884,Ebonee,Woodberry,Ebonee.Woodberry@gmail.com
1885,Brooks,Halla,Brooks.Halla@gmail.com
1886,Orelia,Olnee,Orelia.Olnee@gmail.com
1887,Tori,Gilmour,Tori.Gilmour@gmail.com
1888,Gisela,Jenness,Gisela.Jenness@gmail.com
1889,Evita,Mehalek,Evita.Mehalek@gmail.com
1890,Jemie,Vastah,Jemie.Vastah@gmail.com
1891,Kary,Connelly,Kary.Connelly@gmail.com
1892,Catharine,Isidore,Catharine.Isidore@gmail.com
1893,Luci,Sabella,Luci.Sabella@gmail.com
1894,Basia,Garlinda,Basia.Garlinda@gmail.com
1895,Bobbi,Robertson,Bobbi.Robertson@gmail.com
1896,Merle,McLaughlin,Merle.McLaughlin@gmail.com
1897,Modestia,Melleta,Modestia.Melleta@gmail.com
1898,Feliza,Kazimir,Feliza.Kazimir@gmail.com
1899,Eadie,Argus,Eadie.Argus@gmail.com
1900,Nickie,Greenwald,Nickie.Greenwald@gmail.com
1901,Rhoda,Cressida,Rhoda.Cressida@gmail.com
1902,Teriann,Shaver,Teriann.Shaver@gmail.com
1903,Marnia,Stevy,Marnia.Stevy@gmail.com
1904,Aurelie,Laurianne,Aurelie.Laurianne@gmail.com
1905,Lolita,Jacinda,Lolita.Jacinda@gmail.com
1906,Marika,Daniele,Marika.Daniele@gmail.com
1907,Sarette,Greyson,Sarette.Greyson@gmail.com
1908,Nessie,Janene,Nessie.Janene@gmail.com
1909,Kittie,Thornburg,Kittie.Thornburg@gmail.com
1910,Fidelia,Annabella,Fidelia.Annabella@gmail.com
1911,Silvana,Nicoline,Silvana.Nicoline@gmail.com
1912,Corly,Dituri,Corly.Dituri@gmail.com
1913,Edith,Natica,Edith.Natica@gmail.com
1914,Imojean,Wu,Imojean.Wu@gmail.com
1915,Candi,Dulciana,Candi.Dulciana@gmail.com
1916,Brynna,Ader,Brynna.Ader@gmail.com
1917,Sonni,Peonir,Sonni.Peonir@gmail.com
1918,Brana,Iphlgenia,Brana.Iphlgenia@gmail.com
1919,Barbi,Zetta,Barbi.Zetta@gmail.com
1920,Nananne,Rosette,Nananne.Rosette@gmail.com
1921,Charlena,Poll,Charlena.Poll@gmail.com
1922,Dyann,Dimitris,Dyann.Dimitris@gmail.com
1923,Cathyleen,Leopold,Cathyleen.Leopold@gmail.com
1924,Linzy,Muriel,Linzy.Muriel@gmail.com
1925,Kellen,Rolf,Kellen.Rolf@gmail.com
1926,Judy,Donell,Judy.Donell@gmail.com
1927,Mireielle,Loring,Mireielle.Loring@gmail.com
1928,Codie,Granoff,Codie.Granoff@gmail.com
1929,Meghann,Hunfredo,Meghann.Hunfredo@gmail.com
1930,Corene,Stoller,Corene.Stoller@gmail.com
1931,Shaylyn,Fry,Shaylyn.Fry@gmail.com
1932,Anthia,Garbe,Anthia.Garbe@gmail.com
1933,Diena,Gilbertson,Diena.Gilbertson@gmail.com
1934,Hyacinthe,Pettiford,Hyacinthe.Pettiford@gmail.com
1935,Roseline,Lory,Roseline.Lory@gmail.com
1936,Cyb,Jotham,Cyb.Jotham@gmail.com
1937,Feliza,Izaak,Feliza.Izaak@gmail.com
1938,Gilligan,Atcliffe,Gilligan.Atcliffe@gmail.com
1939,Kimmy,Othilia,Kimmy.Othilia@gmail.com
1940,Gwenneth,Roxanna,Gwenneth.Roxanna@gmail.com
1941,Miquela,Hieronymus,Miquela.Hieronymus@gmail.com
1942,Rosaline,Gavrila,Rosaline.Gavrila@gmail.com
1943,Esmeralda,Rogerio,Esmeralda.Rogerio@gmail.com
1944,Jackie,Faro,Jackie.Faro@gmail.com
1945,Kore,Sadowski,Kore.Sadowski@gmail.com
1946,Eve,Telfer,Eve.Telfer@gmail.com
1947,Joane,Malina,Joane.Malina@gmail.com
1948,Daune,Aloise,Daune.Aloise@gmail.com
1949,Marguerite,Fiann,Marguerite.Fiann@gmail.com
1950,Ann-Marie,Cloris,Ann-Marie.Cloris@gmail.com
1951,Nickie,Hillel,Nickie.Hillel@gmail.com
1952,Anica,Ophelia,Anica.Ophelia@gmail.com
1953,Annecorinne,Hachmin,Annecorinne.Hachmin@gmail.com
1954,Lonnie,Eno,Lonnie.Eno@gmail.com
1955,Lexine,Gaal,Lexine.Gaal@gmail.com
1956,Goldie,Fairweather,Goldie.Fairweather@gmail.com
1957,Alex,Roxanna,Alex.Roxanna@gmail.com
1958,Nyssa,Fleeta,Nyssa.Fleeta@gmail.com
1959,Marleah,Firmin,Marleah.Firmin@gmail.com
1960,Gwyneth,Helve,Gwyneth.Helve@gmail.com
1961,Noelle,Nelsen,Noelle.Nelsen@gmail.com
1962,Diena,Kare,Diena.Kare@gmail.com
1963,Tracey,Stacy,Tracey.Stacy@gmail.com
1964,Annora,Anselmi,Annora.Anselmi@gmail.com
1965,Brena,Sadowski,Brena.Sadowski@gmail.com
1966,Amelia,Bryna,Amelia.Bryna@gmail.com
1967,Lorie,Gibbeon,Lorie.Gibbeon@gmail.com
1968,Dorothy,Hylan,Dorothy.Hylan@gmail.com
1969,Starla,Ioab,Starla.Ioab@gmail.com
1970,Dale,Stover,Dale.Stover@gmail.com
1971,Mignon,Alva,Mignon.Alva@gmail.com
1972,Cathie,Yusuk,Cathie.Yusuk@gmail.com
1973,Elyssa,Velick,Elyssa.Velick@gmail.com
1974,Regina,Christine,Regina.Christine@gmail.com
1975,Rebeca,Jary,Rebeca.Jary@gmail.com
1976,Doro,Santoro,Doro.Santoro@gmail.com
1977,Teriann,Martguerita,Teriann.Martguerita@gmail.com
1978,Bettine,Macey,Bettine.Macey@gmail.com
1979,Sam,Edvard,Sam.Edvard@gmail.com
1980,Kimberley,Jerald,Kimberley.Jerald@gmail.com
1981,Hannis,Poppy,Hannis.Poppy@gmail.com
1982,Adore,Vivle,Adore.Vivle@gmail.com
1983,Meghann,Mike,Meghann.Mike@gmail.com
1984,Georgetta,McGrody,Georgetta.McGrody@gmail.com
1985,Sashenka,Berard,Sashenka.Berard@gmail.com
1986,Raf,Tippets,Raf.Tippets@gmail.com
1987,Farrah,Santoro,Farrah.Santoro@gmail.com
1988,Isa,Erlandson,Isa.Erlandson@gmail.com
1989,Dorothy,LaRue,Dorothy.LaRue@gmail.com
1990,Roberta,McAdams,Roberta.McAdams@gmail.com
1991,Madelle,Pauly,Madelle.Pauly@gmail.com
1992,Carmela,Kesley,Carmela.Kesley@gmail.com
1993,Zaria,Jalbert,Zaria.Jalbert@gmail.com
1994,Esmeralda,Seessel,Esmeralda.Seessel@gmail.com
1995,Margette,Durante,Margette.Durante@gmail.com
1996,Nollie,Wildermuth,Nollie.Wildermuth@gmail.com
1997,Dorice,Schwejda,Dorice.Schwejda@gmail.com
1998,Ezmeralda,Hubert,Ezmeralda.Hubert@gmail.com
1999,Caryl,Flita,Caryl.Flita@gmail.com
2000,Kathy,Westphal,Kathy.Westphal@gmail.com
2001,Starla,Sasnett,Starla.Sasnett@gmail.com
2002,Ayn,Aaberg,Ayn.Aaberg@gmail.com
2003,Janis,Florina,Janis.Florina@gmail.com
2004,Joane,Margarete,Joane.Margarete@gmail.com
2005,Gaylene,Lemuela,Gaylene.Lemuela@gmail.com
2006,Catharine,Gherardo,Catharine.Gherardo@gmail.com
2007,Danny,Gale,Danny.Gale@gmail.com
2008,Angela,Fabiola,Angela.Fabiola@gmail.com
2009,Lucy,Yoko,Lucy.Yoko@gmail.com
2010,Danny,Leopold,Danny.Leopold@gmail.com
2011,Etta,Zitvaa,Etta.Zitvaa@gmail.com
2012,Hildegaard,Fleeta,Hildegaard.Fleeta@gmail.com
2013,Lindie,Engdahl,Lindie.Engdahl@gmail.com
2014,Misha,Maurine,Misha.Maurine@gmail.com
2015,Jenilee,Tomasina,Jenilee.Tomasina@gmail.com
2016,Lila,Ashely,Lila.Ashely@gmail.com
2017,Frieda,Girardo,Frieda.Girardo@gmail.com
2018,Gui,Podvin,Gui.Podvin@gmail.com
2019,Marti,Bibi,Marti.Bibi@gmail.com
2020,Annaliese,Nedrud,Annaliese.Nedrud@gmail.com
2021,Jobi,Redmond,Jobi.Redmond@gmail.com
2022,Frieda,Rocray,Frieda.Rocray@gmail.com
2023,Vinita,Forrer,Vinita.Forrer@gmail.com
2024,Rebeca,Kenwood,Rebeca.Kenwood@gmail.com
2025,Judy,Kenwood,Judy.Kenwood@gmail.com
2026,Joceline,Arvo,Joceline.Arvo@gmail.com
2027,Hildegaard,Schenck,Hildegaard.Schenck@gmail.com
2028,Rhea,Dichy,Rhea.Dichy@gmail.com
2029,Lisette,Anderea,Lisette.Anderea@gmail.com
2030,Siana,Gaal,Siana.Gaal@gmail.com
2031,Lacie,Malina,Lacie.Malina@gmail.com
2032,Nataline,Kiyoshi,Nataline.Kiyoshi@gmail.com
2033,Hettie,Bivins,Hettie.Bivins@gmail.com
2034,Ardeen,Docilla,Ardeen.Docilla@gmail.com
2035,Collen,Armanda,Collen.Armanda@gmail.com
2036,Roz,Melleta,Roz.Melleta@gmail.com
2037,Linet,Schonfeld,Linet.Schonfeld@gmail.com
2038,Mariele,Diogenes,Mariele.Diogenes@gmail.com
2039,Melina,Ardra,Melina.Ardra@gmail.com
2040,Corry,Terencio,Corry.Terencio@gmail.com
2041,Joelly,Hubert,Joelly.Hubert@gmail.com
2042,Cam,Taima,Cam.Taima@gmail.com
2043,Valera,Jacobah,Valera.Jacobah@gmail.com
2044,Lexine,Fosque,Lexine.Fosque@gmail.com
2045,Carmencita,Regan,Carmencita.Regan@gmail.com
2046,Kirstin,Georgy,Kirstin.Georgy@gmail.com
2047,Elmira,Valoniah,Elmira.Valoniah@gmail.com
2048,Talya,Federica,Talya.Federica@gmail.com
2049,Dari,Devlen,Dari.Devlen@gmail.com
2050,Catrina,Gale,Catrina.Gale@gmail.com
2051,Fina,Noam,Fina.Noam@gmail.com
2052,Gabriellia,Halla,Gabriellia.Halla@gmail.com
2053,Beverley,Hubert,Beverley.Hubert@gmail.com
2054,Judy,Elsinore,Judy.Elsinore@gmail.com
2055,Marcy,Abram,Marcy.Abram@gmail.com
2056,Dale,Gregrory,Dale.Gregrory@gmail.com
2057,Julieta,Ball,Julieta.Ball@gmail.com
2058,Max,Sherrie,Max.Sherrie@gmail.com
2059,Henriette,Roxanna,Henriette.Roxanna@gmail.com
2060,Mureil,Gemini,Mureil.Gemini@gmail.com
2061,Correy,Elvyn,Correy.Elvyn@gmail.com
2062,Raquela,Dearborn,Raquela.Dearborn@gmail.com
2063,Cissiee,Pernick,Cissiee.Pernick@gmail.com
2064,Helsa,Natalia,Helsa.Natalia@gmail.com
2065,Netty,Rurik,Netty.Rurik@gmail.com
2066,Yvonne,Tybald,Yvonne.Tybald@gmail.com
2067,Ana,Buckler,Ana.Buckler@gmail.com
2068,Hildegaard,Clie,Hildegaard.Clie@gmail.com
2069,Theodora,Brady,Theodora.Brady@gmail.com
2070,Florencia,Neva,Florencia.Neva@gmail.com
2071,Lynea,Klemperer,Lynea.Klemperer@gmail.com
2072,Juliane,Eliathas,Juliane.Eliathas@gmail.com
2073,Frances,Kauppi,Frances.Kauppi@gmail.com
2074,Nariko,Schroth,Nariko.Schroth@gmail.com
2075,Rayna,Fancie,Rayna.Fancie@gmail.com
2076,Janeczka,Angelis,Janeczka.Angelis@gmail.com
2077,Mariele,Chapland,Mariele.Chapland@gmail.com
2078,Ariela,Larochelle,Ariela.Larochelle@gmail.com
2079,Kathi,Wittie,Kathi.Wittie@gmail.com
2080,Shaylyn,Burch,Shaylyn.Burch@gmail.com
2081,Lilith,Jammal,Lilith.Jammal@gmail.com
2082,Kylynn,Vorster,Kylynn.Vorster@gmail.com
2083,Priscilla,Yerkovich,Priscilla.Yerkovich@gmail.com
2084,Fayre,Jalbert,Fayre.Jalbert@gmail.com
2085,Nickie,Himelman,Nickie.Himelman@gmail.com
2086,Riannon,Pond,Riannon.Pond@gmail.com
2087,Trudie,Moina,Trudie.Moina@gmail.com
2088,Tybie,Bouchard,Tybie.Bouchard@gmail.com
2089,Alex,Gwenore,Alex.Gwenore@gmail.com
2090,Moyna,Cath,Moyna.Cath@gmail.com
2091,Vanessa,Kress,Vanessa.Kress@gmail.com
2092,Ernesta,Bendick,Ernesta.Bendick@gmail.com
2093,Emmey,Nerita,Emmey.Nerita@gmail.com
2094,Dale,Hilbert,Dale.Hilbert@gmail.com
2095,Catrina,Bearnard,Catrina.Bearnard@gmail.com
2096,Aigneis,Bebe,Aigneis.Bebe@gmail.com
2097,Fayre,Lemuela,Fayre.Lemuela@gmail.com
2098,Goldie,Sacken,Goldie.Sacken@gmail.com
2099,Allis,Sallyann,Allis.Sallyann@gmail.com
2100,Philis,Buttaro,Philis.Buttaro@gmail.com
2101,Shaylyn,Phyllis,Shaylyn.Phyllis@gmail.com
2102,Frances,Mandler,Frances.Mandler@gmail.com
2103,Rosanne,Donoghue,Rosanne.Donoghue@gmail.com
2104,Eadie,Gibbeon,Eadie.Gibbeon@gmail.com
2105,Shaylyn,Zamora,Shaylyn.Zamora@gmail.com
2106,Selia,Carleen,Selia.Carleen@gmail.com
2107,Dorice,Leonard,Dorice.Leonard@gmail.com
2108,Pollyanna,Granoff,Pollyanna.Granoff@gmail.com
2109,Tomasina,Berriman,Tomasina.Berriman@gmail.com
2110,Roseline,Vilma,Roseline.Vilma@gmail.com
2111,Gratia,Flyn,Gratia.Flyn@gmail.com
2112,Lorne,Schlosser,Lorne.Schlosser@gmail.com
2113,Wendi,Johnsson,Wendi.Johnsson@gmail.com
2114,Annecorinne,Behre,Annecorinne.Behre@gmail.com
2115,Viki,Cloris,Viki.Cloris@gmail.com
2116,Kimberley,Hepsibah,Kimberley.Hepsibah@gmail.com
2117,Veda,Craggie,Veda.Craggie@gmail.com
2118,Mariele,Pattin,Mariele.Pattin@gmail.com
2119,Luci,Solitta,Luci.Solitta@gmail.com
2120,Katuscha,Malanie,Katuscha.Malanie@gmail.com
2121,Merry,Romelda,Merry.Romelda@gmail.com
2122,Alia,Fairweather,Alia.Fairweather@gmail.com
2123,Sean,Neva,Sean.Neva@gmail.com
2124,Modestia,Wadell,Modestia.Wadell@gmail.com
2125,Sybille,Lesley,Sybille.Lesley@gmail.com
2126,Hallie,McGrody,Hallie.McGrody@gmail.com
2127,Devina,Haldas,Devina.Haldas@gmail.com
2128,Chastity,Ehrman,Chastity.Ehrman@gmail.com
2129,Lanna,Faso,Lanna.Faso@gmail.com
2130,Merry,Hubert,Merry.Hubert@gmail.com
2131,Jaclyn,Magnolia,Jaclyn.Magnolia@gmail.com
2132,Yvonne,Primalia,Yvonne.Primalia@gmail.com
2133,Raquela,Matthew,Raquela.Matthew@gmail.com
2134,Ermengarde,Eldrid,Ermengarde.Eldrid@gmail.com
2135,Gratia,Tippets,Gratia.Tippets@gmail.com
2136,Lizzie,Erminia,Lizzie.Erminia@gmail.com
2137,Siana,Killigrew,Siana.Killigrew@gmail.com
2138,Selia,Zitvaa,Selia.Zitvaa@gmail.com
2139,Bernardine,Masao,Bernardine.Masao@gmail.com
2140,Janenna,Daveta,Janenna.Daveta@gmail.com
2141,Hannis,Catie,Hannis.Catie@gmail.com
2142,Deedee,Pitt,Deedee.Pitt@gmail.com
2143,Mahalia,Leler,Mahalia.Leler@gmail.com
2144,Coral,Santoro,Coral.Santoro@gmail.com
2145,Drucie,Adamsen,Drucie.Adamsen@gmail.com
2146,Winny,Dex,Winny.Dex@gmail.com
2147,Ayn,Crudden,Ayn.Crudden@gmail.com
2148,Sherrie,Colp,Sherrie.Colp@gmail.com
2149,Olwen,Lilas,Olwen.Lilas@gmail.com
2150,Elfreda,Merat,Elfreda.Merat@gmail.com
2151,Dolli,Munn,Dolli.Munn@gmail.com
2152,Lorenza,Emerson,Lorenza.Emerson@gmail.com
2153,Harmonia,Teryn,Harmonia.Teryn@gmail.com
2154,Sam,Seumas,Sam.Seumas@gmail.com
2155,Ayn,Fairweather,Ayn.Fairweather@gmail.com
2156,Roz,Merriott,Roz.Merriott@gmail.com
2157,Donetta,Ursulette,Donetta.Ursulette@gmail.com
2158,Shauna,Phyllis,Shauna.Phyllis@gmail.com
2159,Fina,Howlyn,Fina.Howlyn@gmail.com
2160,Leona,Fax,Leona.Fax@gmail.com
2161,Constance,Georgy,Constance.Georgy@gmail.com
2162,Elie,Hessler,Elie.Hessler@gmail.com
2163,Madeleine,Harriman,Madeleine.Harriman@gmail.com
2164,Vere,Autrey,Vere.Autrey@gmail.com
2165,Annecorinne,Simmonds,Annecorinne.Simmonds@gmail.com
2166,Max,Korey,Max.Korey@gmail.com
2167,Louella,Demitria,Louella.Demitria@gmail.com
2168,Hayley,Mauer,Hayley.Mauer@gmail.com
2169,Cassandra,Rillings,Cassandra.Rillings@gmail.com
2170,Marika,Wenda,Marika.Wenda@gmail.com
2171,Joelly,Brackely,Joelly.Brackely@gmail.com
2172,Fayre,Thar,Fayre.Thar@gmail.com
2173,Debee,Hoban,Debee.Hoban@gmail.com
2174,Bertine,Noam,Bertine.Noam@gmail.com
2175,Blondelle,Ramona,Blondelle.Ramona@gmail.com
2176,Morganica,Fadiman,Morganica.Fadiman@gmail.com
2177,Ronna,Hertzfeld,Ronna.Hertzfeld@gmail.com
2178,Katleen,Zuzana,Katleen.Zuzana@gmail.com
2179,Nerta,Phyllis,Nerta.Phyllis@gmail.com
2180,Deane,Bigner,Deane.Bigner@gmail.com
2181,Annecorinne,Raama,Annecorinne.Raama@gmail.com
2182,Babita,Bahr,Babita.Bahr@gmail.com
2183,Janey,Ailyn,Janey.Ailyn@gmail.com
2184,Nollie,Seligman,Nollie.Seligman@gmail.com
2185,Minne,Old,Minne.Old@gmail.com
2186,Claresta,Fleeta,Claresta.Fleeta@gmail.com
2187,Cassandra,Kiersten,Cassandra.Kiersten@gmail.com
2188,Thalia,Bartlett,Thalia.Bartlett@gmail.com
2189,Dyann,Boycey,Dyann.Boycey@gmail.com
2190,Marguerite,Zitvaa,Marguerite.Zitvaa@gmail.com
2191,Sidoney,Vale,Sidoney.Vale@gmail.com
2192,Kara-Lynn,Wilona,Kara-Lynn.Wilona@gmail.com
2193,Dorothy,Tippets,Dorothy.Tippets@gmail.com
2194,Bernie,Cressida,Bernie.Cressida@gmail.com
2195,Angela,Tound,Angela.Tound@gmail.com
2196,Misha,Marden,Misha.Marden@gmail.com
2197,Zaria,Korey,Zaria.Korey@gmail.com
2198,Hermione,Moina,Hermione.Moina@gmail.com
2199,Theodora,Goerke,Theodora.Goerke@gmail.com
2200,Valeda,Goddard,Valeda.Goddard@gmail.com
2201,Goldie,Georgy,Goldie.Georgy@gmail.com
2202,Flo,Mullane,Flo.Mullane@gmail.com
2203,Desirae,Damarra,Desirae.Damarra@gmail.com
2204,Margalo,Chick,Margalo.Chick@gmail.com
2205,Clary,Creamer,Clary.Creamer@gmail.com
2206,Ginnie,Reneta,Ginnie.Reneta@gmail.com
2207,Claresta,Nedrud,Claresta.Nedrud@gmail.com
2208,Linet,Harned,Linet.Harned@gmail.com
2209,Alie,Blase,Alie.Blase@gmail.com
2210,Silvana,Lay,Silvana.Lay@gmail.com
2211,Audrie,Sadowski,Audrie.Sadowski@gmail.com
2212,Wilma,Ade,Wilma.Ade@gmail.com
2213,Johna,Dorcy,Johna.Dorcy@gmail.com
2214,Ardeen,Si,Ardeen.Si@gmail.com
2215,Jorry,Eckblad,Jorry.Eckblad@gmail.com
2216,Lory,Aloise,Lory.Aloise@gmail.com
2217,Fernande,Fredi,Fernande.Fredi@gmail.com
2218,Glenda,Cutlerr,Glenda.Cutlerr@gmail.com
2219,Kamilah,Concha,Kamilah.Concha@gmail.com
2220,Lulita,Graig,Lulita.Graig@gmail.com
2221,Melanie,Hollingsworth,Melanie.Hollingsworth@gmail.com
2222,Jobi,Peonir,Jobi.Peonir@gmail.com
2223,Fred,Bow,Fred.Bow@gmail.com
2224,Rubie,Sibyls,Rubie.Sibyls@gmail.com
2225,Leeanne,Eugenia,Leeanne.Eugenia@gmail.com
2226,Di,Behre,Di.Behre@gmail.com
2227,Berta,Seumas,Berta.Seumas@gmail.com
2228,Madalyn,Huggins,Madalyn.Huggins@gmail.com
2229,Elsie,Idelia,Elsie.Idelia@gmail.com
2230,Fred,Giule,Fred.Giule@gmail.com
2231,Linzy,Socha,Linzy.Socha@gmail.com
2232,Aryn,Lasley,Aryn.Lasley@gmail.com
2233,Augustine,Saree,Augustine.Saree@gmail.com
2234,Gavrielle,Trace,Gavrielle.Trace@gmail.com
2235,Myrtice,Berard,Myrtice.Berard@gmail.com
2236,Bobinette,Pond,Bobinette.Pond@gmail.com
2237,Diena,Baudin,Diena.Baudin@gmail.com
2238,Jean,Pulsifer,Jean.Pulsifer@gmail.com
2239,Tatiania,Stoller,Tatiania.Stoller@gmail.com
2240,Clarice,Durante,Clarice.Durante@gmail.com
2241,Mignon,Marden,Mignon.Marden@gmail.com
2242,Nadine,Iphlgenia,Nadine.Iphlgenia@gmail.com
2243,Dode,Kaete,Dode.Kaete@gmail.com
2244,Gabriellia,Pelagias,Gabriellia.Pelagias@gmail.com
2245,Drucie,Thunell,Drucie.Thunell@gmail.com
2246,Anthia,Tannie,Anthia.Tannie@gmail.com
2247,Kittie,Fiann,Kittie.Fiann@gmail.com
2248,Emelina,Catie,Emelina.Catie@gmail.com
2249,Jessy,Stanwood,Jessy.Stanwood@gmail.com
2250,Rani,Diogenes,Rani.Diogenes@gmail.com
2251,Yolane,Camden,Yolane.Camden@gmail.com
2252,Gianina,Rosemary,Gianina.Rosemary@gmail.com
2253,Lily,Garrison,Lily.Garrison@gmail.com
2254,Gertrud,Jammal,Gertrud.Jammal@gmail.com
2255,Hayley,Zitvaa,Hayley.Zitvaa@gmail.com
2256,Lucy,Dearborn,Lucy.Dearborn@gmail.com
2257,Randa,Allare,Randa.Allare@gmail.com
2258,Tamqrah,Aida,Tamqrah.Aida@gmail.com
2259,Nyssa,LaRue,Nyssa.LaRue@gmail.com
2260,Tomasina,Bahr,Tomasina.Bahr@gmail.com
2261,Rochette,Tannie,Rochette.Tannie@gmail.com
2262,Cordi,Lytton,Cordi.Lytton@gmail.com
2263,Shaine,Koziara,Shaine.Koziara@gmail.com
2264,Maridel,Yam,Maridel.Yam@gmail.com
2265,Adelle,Bryna,Adelle.Bryna@gmail.com
2266,Brietta,Thar,Brietta.Thar@gmail.com
2267,Maye,Bury,Maye.Bury@gmail.com
2268,Jenilee,Maryanne,Jenilee.Maryanne@gmail.com
2269,Bernardine,Ietta,Bernardine.Ietta@gmail.com
2270,Glynnis,Alarise,Glynnis.Alarise@gmail.com
2271,Giustina,Phi,Giustina.Phi@gmail.com
2272,Eve,Tomasina,Eve.Tomasina@gmail.com
2273,Tilly,Kronfeld,Tilly.Kronfeld@gmail.com
2274,Cathyleen,Wittie,Cathyleen.Wittie@gmail.com
2275,Celestyna,Gaspard,Celestyna.Gaspard@gmail.com
2276,Andree,Fabiola,Andree.Fabiola@gmail.com
2277,Angelique,Etom,Angelique.Etom@gmail.com
2278,Angelique,Stanwood,Angelique.Stanwood@gmail.com
2279,Flory,Nicoline,Flory.Nicoline@gmail.com
2280,Roxane,Lay,Roxane.Lay@gmail.com
2281,Vita,Hillel,Vita.Hillel@gmail.com
2282,Coral,McGrody,Coral.McGrody@gmail.com
2283,Tiffie,Amethist,Tiffie.Amethist@gmail.com
2284,Glenda,Margret,Glenda.Margret@gmail.com
2285,Marnia,Moina,Marnia.Moina@gmail.com
2286,Layla,Joli,Layla.Joli@gmail.com
2287,Vita,Caitlin,Vita.Caitlin@gmail.com
2288,Beth,Idelia,Beth.Idelia@gmail.com
2289,Shandie,Arley,Shandie.Arley@gmail.com
2290,Ann-Marie,Marijo,Ann-Marie.Marijo@gmail.com
2291,Viviene,Goldina,Viviene.Goldina@gmail.com
2292,Romona,Konyn,Romona.Konyn@gmail.com
2293,Isa,Brian,Isa.Brian@gmail.com
2294,Marguerite,Lilas,Marguerite.Lilas@gmail.com
2295,Chloris,Kaete,Chloris.Kaete@gmail.com
2296,Renae,Vernier,Renae.Vernier@gmail.com
2297,Darci,Tengdin,Darci.Tengdin@gmail.com
2298,Rani,Bergman,Rani.Bergman@gmail.com
2299,Kelly,Mayeda,Kelly.Mayeda@gmail.com
2300,Eolanda,Rustice,Eolanda.Rustice@gmail.com
2301,Marti,Newell,Marti.Newell@gmail.com
2302,Bobbi,Carbo,Bobbi.Carbo@gmail.com
2303,Courtnay,Dash,Courtnay.Dash@gmail.com
2304,Dominga,Bevin,Dominga.Bevin@gmail.com
2305,Mahalia,Soneson,Mahalia.Soneson@gmail.com
2306,Pollyanna,Regan,Pollyanna.Regan@gmail.com
2307,Letizia,Pelagias,Letizia.Pelagias@gmail.com
2308,Merle,Edvard,Merle.Edvard@gmail.com
2309,Bill,Orlene,Bill.Orlene@gmail.com
2310,Violet,Pearse,Violet.Pearse@gmail.com
2311,Sam,Zaslow,Sam.Zaslow@gmail.com
2312,Cathie,Winthorpe,Cathie.Winthorpe@gmail.com
2313,Gilda,Brian,Gilda.Brian@gmail.com
2314,Oralee,Tiffa,Oralee.Tiffa@gmail.com
2315,Aili,Maisey,Aili.Maisey@gmail.com
2316,Priscilla,Toffic,Priscilla.Toffic@gmail.com
2317,Brana,Geffner,Brana.Geffner@gmail.com
2318,Merle,Ietta,Merle.Ietta@gmail.com
2319,Rosene,Pernick,Rosene.Pernick@gmail.com
2320,Raquela,Gower,Raquela.Gower@gmail.com
2321,Albertina,Alcott,Albertina.Alcott@gmail.com
2322,Genevra,Stilwell,Genevra.Stilwell@gmail.com
2323,Kaja,Gabrielli,Kaja.Gabrielli@gmail.com
2324,Devina,Sigfrid,Devina.Sigfrid@gmail.com
2325,Sallie,Pattin,Sallie.Pattin@gmail.com
2326,Tobe,Lissi,Tobe.Lissi@gmail.com
2327,Regina,Hertzfeld,Regina.Hertzfeld@gmail.com
2328,Lory,Ehrman,Lory.Ehrman@gmail.com
2329,Bobbi,Smitt,Bobbi.Smitt@gmail.com
2330,Annabela,Payson,Annabela.Payson@gmail.com
2331,Nyssa,Sacken,Nyssa.Sacken@gmail.com
2332,Alie,Bigner,Alie.Bigner@gmail.com
2333,Sara-Ann,Pettiford,Sara-Ann.Pettiford@gmail.com
2334,Drucie,Emmy,Drucie.Emmy@gmail.com
2335,Kellen,Morrill,Kellen.Morrill@gmail.com
2336,Genovera,Ruvolo,Genovera.Ruvolo@gmail.com
2337,Gale,Wolfgram,Gale.Wolfgram@gmail.com
2338,Lorenza,Laverne,Lorenza.Laverne@gmail.com
2339,Gretal,Linehan,Gretal.Linehan@gmail.com
2340,Ann-Marie,Hurley,Ann-Marie.Hurley@gmail.com
2341,Camile,Jeanne,Camile.Jeanne@gmail.com
2342,Imojean,Ovid,Imojean.Ovid@gmail.com
2343,Deloria,Peonir,Deloria.Peonir@gmail.com
2344,Kirstin,Georgy,Kirstin.Georgy@gmail.com
2345,Berget,Leifeste,Berget.Leifeste@gmail.com
2346,Tamqrah,Willie,Tamqrah.Willie@gmail.com
2347,Fawne,Hamil,Fawne.Hamil@gmail.com
2348,Arlina,Tristram,Arlina.Tristram@gmail.com
2349,Amii,Amand,Amii.Amand@gmail.com
2350,Ericka,Daniele,Ericka.Daniele@gmail.com
2351,Claudina,Adrienne,Claudina.Adrienne@gmail.com
2352,Jerry,Carmena,Jerry.Carmena@gmail.com
2353,Cam,Elvyn,Cam.Elvyn@gmail.com
2354,Emilia,Reinke,Emilia.Reinke@gmail.com
2355,Nanete,Tufts,Nanete.Tufts@gmail.com
2356,Mariann,Bury,Mariann.Bury@gmail.com
2357,Joleen,Arvo,Joleen.Arvo@gmail.com
2358,Leia,Johnsson,Leia.Johnsson@gmail.com
2359,Arlina,Percy,Arlina.Percy@gmail.com
2360,Neila,Therine,Neila.Therine@gmail.com
2361,Ariela,Phyllis,Ariela.Phyllis@gmail.com
2362,Kristina,Fosque,Kristina.Fosque@gmail.com
2363,Angela,Loring,Angela.Loring@gmail.com
2364,Coral,Lalitta,Coral.Lalitta@gmail.com
2365,Agathe,Mallon,Agathe.Mallon@gmail.com
2366,Ellette,Percy,Ellette.Percy@gmail.com
2367,Perry,Aida,Perry.Aida@gmail.com
2368,Wendi,Matthew,Wendi.Matthew@gmail.com
2369,Dagmar,Weide,Dagmar.Weide@gmail.com
2370,Felice,Billye,Felice.Billye@gmail.com
2371,Rayna,Charmine,Rayna.Charmine@gmail.com
2372,Constance,Rudolph,Constance.Rudolph@gmail.com
2373,Karina,Ingra,Karina.Ingra@gmail.com
2374,Sheelagh,Blake,Sheelagh.Blake@gmail.com
2375,Emma,Kunin,Emma.Kunin@gmail.com
2376,Aaren,Earlie,Aaren.Earlie@gmail.com
2377,Bernie,Gert,Bernie.Gert@gmail.com
2378,Danny,Hailee,Danny.Hailee@gmail.com
2379,Tersina,Daveta,Tersina.Daveta@gmail.com
2380,Modestia,Newell,Modestia.Newell@gmail.com
2381,Molli,Daegal,Molli.Daegal@gmail.com
2382,Drucie,Dulciana,Drucie.Dulciana@gmail.com
2383,Lizzie,Rolf,Lizzie.Rolf@gmail.com
2384,Therine,Toor,Therine.Toor@gmail.com
2385,Queenie,Hilbert,Queenie.Hilbert@gmail.com
2386,Belva,Allys,Belva.Allys@gmail.com
2387,Tina,Jethro,Tina.Jethro@gmail.com
2388,Janenna,Adore,Janenna.Adore@gmail.com
2389,Wanda,Orpah,Wanda.Orpah@gmail.com
2390,Britte,Solitta,Britte.Solitta@gmail.com
2391,Asia,Halsey,Asia.Halsey@gmail.com
2392,Maryellen,Syd,Maryellen.Syd@gmail.com
2393,Farrah,Monaco,Farrah.Monaco@gmail.com
2394,Renie,Cressida,Renie.Cressida@gmail.com
2395,Sheelagh,Giff,Sheelagh.Giff@gmail.com
2396,Yolane,Nance,Yolane.Nance@gmail.com
2397,Candi,Couture,Candi.Couture@gmail.com
2398,Livvyy,Orelee,Livvyy.Orelee@gmail.com
2399,Lesly,Eliathas,Lesly.Eliathas@gmail.com
2400,Nikki,Cordi,Nikki.Cordi@gmail.com
2401,Layla,Kolnick,Layla.Kolnick@gmail.com
2402,Chloris,Shields,Chloris.Shields@gmail.com
2403,Carol-Jean,Dermott,Carol-Jean.Dermott@gmail.com
2404,Cathyleen,Brittani,Cathyleen.Brittani@gmail.com
2405,Stacey,Larochelle,Stacey.Larochelle@gmail.com
2406,Ariela,Kenney,Ariela.Kenney@gmail.com
2407,Perry,Arquit,Perry.Arquit@gmail.com
2408,Corly,Tound,Corly.Tound@gmail.com
2409,Tabbatha,Chinua,Tabbatha.Chinua@gmail.com
2410,Gilligan,Guthrie,Gilligan.Guthrie@gmail.com
2411,Kara-Lynn,Brunell,Kara-Lynn.Brunell@gmail.com
2412,Rosabelle,Sothena,Rosabelle.Sothena@gmail.com
2413,Lisette,Hurley,Lisette.Hurley@gmail.com
2414,Elfreda,Brodench,Elfreda.Brodench@gmail.com
2415,Max,Ricki,Max.Ricki@gmail.com
2416,Leona,Hirsch,Leona.Hirsch@gmail.com
2417,Mildrid,Azeria,Mildrid.Azeria@gmail.com
2418,Marita,Zachary,Marita.Zachary@gmail.com
2419,Dotty,Randene,Dotty.Randene@gmail.com
2420,Perry,Nerita,Perry.Nerita@gmail.com
2421,Ida,Gemini,Ida.Gemini@gmail.com
2422,Adelle,Frodi,Adelle.Frodi@gmail.com
2423,Ellette,Ambrosia,Ellette.Ambrosia@gmail.com
2424,Ninnetta,Gaynor,Ninnetta.Gaynor@gmail.com
2425,Sabina,MacIntosh,Sabina.MacIntosh@gmail.com
2426,Kamilah,Amadas,Kamilah.Amadas@gmail.com
2427,Liana,Karylin,Liana.Karylin@gmail.com
2428,Reeba,Papageno,Reeba.Papageno@gmail.com
2429,Candy,Hoban,Candy.Hoban@gmail.com
2430,Charissa,Malina,Charissa.Malina@gmail.com
2431,Mara,Standing,Mara.Standing@gmail.com
2432,Amalie,Wiener,Amalie.Wiener@gmail.com
2433,Corina,Lemuela,Corina.Lemuela@gmail.com
2434,Gianina,Lilybelle,Gianina.Lilybelle@gmail.com
2435,Hope,Obed,Hope.Obed@gmail.com
2436,Madalyn,Rodmann,Madalyn.Rodmann@gmail.com
2437,Sibella,Aaberg,Sibella.Aaberg@gmail.com
2438,Celisse,Arley,Celisse.Arley@gmail.com
2439,Hyacinthe,Stuart,Hyacinthe.Stuart@gmail.com
2440,Alameda,Natalia,Alameda.Natalia@gmail.com
2441,Marika,Silvan,Marika.Silvan@gmail.com
2442,Dale,Halla,Dale.Halla@gmail.com
2443,Nananne,Fiester,Nananne.Fiester@gmail.com
2444,Elyssa,Mandler,Elyssa.Mandler@gmail.com
2445,Kary,Teryn,Kary.Teryn@gmail.com
2446,Marline,Klotz,Marline.Klotz@gmail.com
2447,Annecorinne,Annice,Annecorinne.Annice@gmail.com
2448,Zaria,Dorcy,Zaria.Dorcy@gmail.com
2449,Nelle,Guthrie,Nelle.Guthrie@gmail.com
2450,Di,Nelsen,Di.Nelsen@gmail.com
2451,Sissy,McGrody,Sissy.McGrody@gmail.com
2452,Almeta,Weitman,Almeta.Weitman@gmail.com
2453,Jordan,Naor,Jordan.Naor@gmail.com
2454,Ida,Luhe,Ida.Luhe@gmail.com
2455,Lita,Hutchison,Lita.Hutchison@gmail.com
2456,Frank,Junie,Frank.Junie@gmail.com
2457,Kimberley,Seligman,Kimberley.Seligman@gmail.com
2458,Corene,Baylor,Corene.Baylor@gmail.com
2459,Liana,Karl,Liana.Karl@gmail.com
2460,Letizia,Pernick,Letizia.Pernick@gmail.com
2461,Anallese,Gordon,Anallese.Gordon@gmail.com
2462,Christal,Claudine,Christal.Claudine@gmail.com
2463,Isa,Chinua,Isa.Chinua@gmail.com
2464,Berget,Tarrant,Berget.Tarrant@gmail.com
2465,Brandise,Bevin,Brandise.Bevin@gmail.com
2466,Gabriellia,Ochs,Gabriellia.Ochs@gmail.com
2467,Gratia,Amand,Gratia.Amand@gmail.com
2468,Willetta,Nunci,Willetta.Nunci@gmail.com
2469,Fina,Madox,Fina.Madox@gmail.com
2470,Mahalia,Nerita,Mahalia.Nerita@gmail.com
2471,Lita,Percy,Lita.Percy@gmail.com
2472,Annaliese,Carvey,Annaliese.Carvey@gmail.com
2473,Joceline,Louanna,Joceline.Louanna@gmail.com
2474,Luci,Slifka,Luci.Slifka@gmail.com
2475,Lory,Christine,Lory.Christine@gmail.com
2476,Myrtice,Burch,Myrtice.Burch@gmail.com
2477,Bernardine,Brunell,Bernardine.Brunell@gmail.com
2478,Cherrita,Salvidor,Cherrita.Salvidor@gmail.com
2479,Fawne,Ursulette,Fawne.Ursulette@gmail.com
2480,Ninnetta,Sprage,Ninnetta.Sprage@gmail.com
2481,Britni,Halsey,Britni.Halsey@gmail.com
2482,Marnia,Thornburg,Marnia.Thornburg@gmail.com
2483,Sheree,Autrey,Sheree.Autrey@gmail.com
2484,Peri,Allare,Peri.Allare@gmail.com
2485,Letizia,Berl,Letizia.Berl@gmail.com
2486,Max,Wilona,Max.Wilona@gmail.com
2487,Desirae,Brotherson,Desirae.Brotherson@gmail.com
2488,Joceline,Emmaline,Joceline.Emmaline@gmail.com
2489,Priscilla,Holtz,Priscilla.Holtz@gmail.com
2490,Elise,Daegal,Elise.Daegal@gmail.com
2491,Kore,Glovsky,Kore.Glovsky@gmail.com
2492,Ayn,Suzetta,Ayn.Suzetta@gmail.com
2493,Johna,Stephie,Johna.Stephie@gmail.com
2494,Joeann,Minetta,Joeann.Minetta@gmail.com
2495,Sharlene,Ailyn,Sharlene.Ailyn@gmail.com
2496,Ashlee,Timon,Ashlee.Timon@gmail.com
2497,Phylis,Hertzfeld,Phylis.Hertzfeld@gmail.com
2498,Gwenneth,Shaver,Gwenneth.Shaver@gmail.com
2499,Alyssa,Chesna,Alyssa.Chesna@gmail.com
2500,Tabbatha,Gale,Tabbatha.Gale@gmail.com
2501,Demetris,Ummersen,Demetris.Ummersen@gmail.com
2502,Cathyleen,Ariella,Cathyleen.Ariella@gmail.com
2503,Elise,Garlinda,Elise.Garlinda@gmail.com
2504,Viki,Daveta,Viki.Daveta@gmail.com
2505,Orelia,Secrest,Orelia.Secrest@gmail.com
2506,Camile,Denis,Camile.Denis@gmail.com
2507,Albertina,Bronk,Albertina.Bronk@gmail.com
2508,Lilith,Randene,Lilith.Randene@gmail.com
2509,Lizzie,Greyson,Lizzie.Greyson@gmail.com
2510,Natka,Prober,Natka.Prober@gmail.com
2511,Florie,Thar,Florie.Thar@gmail.com
2512,Donnie,Arquit,Donnie.Arquit@gmail.com
2513,Fred,Bryna,Fred.Bryna@gmail.com
2514,Gavrielle,Fairweather,Gavrielle.Fairweather@gmail.com
2515,Kamilah,Robertson,Kamilah.Robertson@gmail.com
2516,Kial,Loleta,Kial.Loleta@gmail.com
2517,Rosanne,Abernon,Rosanne.Abernon@gmail.com
2518,Paola,Jethro,Paola.Jethro@gmail.com
2519,Theodora,Melony,Theodora.Melony@gmail.com
2520,Hyacinthe,Dosia,Hyacinthe.Dosia@gmail.com
2521,Kellen,Mandler,Kellen.Mandler@gmail.com
2522,Sandie,Johnsson,Sandie.Johnsson@gmail.com
2523,Nikki,Bonucci,Nikki.Bonucci@gmail.com
2524,Lynea,Prouty,Lynea.Prouty@gmail.com
2525,Tina,Joni,Tina.Joni@gmail.com
2526,Elena,Felecia,Elena.Felecia@gmail.com
2527,Consuela,Seligman,Consuela.Seligman@gmail.com
2528,Hildegaard,Daegal,Hildegaard.Daegal@gmail.com
2529,Jessamyn,Sperling,Jessamyn.Sperling@gmail.com
2530,Sarette,Dahlia,Sarette.Dahlia@gmail.com
2531,Katharina,Evangelia,Katharina.Evangelia@gmail.com
2532,Aaren,Pip,Aaren.Pip@gmail.com
2533,Anallese,Buffum,Anallese.Buffum@gmail.com
2534,Renie,Buffum,Renie.Buffum@gmail.com
2535,Lorie,Chabot,Lorie.Chabot@gmail.com
2536,Blondelle,Tiffa,Blondelle.Tiffa@gmail.com
2537,Karly,Salchunas,Karly.Salchunas@gmail.com
2538,Celestyna,Delila,Celestyna.Delila@gmail.com
2539,Marita,Kaete,Marita.Kaete@gmail.com
2540,Dolli,Llovera,Dolli.Llovera@gmail.com
2541,Bertine,Stevy,Bertine.Stevy@gmail.com
2542,Regina,Gaal,Regina.Gaal@gmail.com
2543,Tabbatha,Ashely,Tabbatha.Ashely@gmail.com
2544,Cyb,Edvard,Cyb.Edvard@gmail.com
2545,Dulcinea,Belanger,Dulcinea.Belanger@gmail.com
2546,Tani,Dearborn,Tani.Dearborn@gmail.com
2547,Nicoli,Pearse,Nicoli.Pearse@gmail.com
2548,Alia,Ariella,Alia.Ariella@gmail.com
2549,Rochette,Brenn,Rochette.Brenn@gmail.com
2550,Anica,Dom,Anica.Dom@gmail.com
2551,Cherilyn,Iaverne,Cherilyn.Iaverne@gmail.com
2552,Marika,Holtz,Marika.Holtz@gmail.com
2553,Tierney,Jorgan,Tierney.Jorgan@gmail.com
2554,Caressa,Brotherson,Caressa.Brotherson@gmail.com
2555,Bill,Burkle,Bill.Burkle@gmail.com
2556,Lucy,Dannye,Lucy.Dannye@gmail.com
2557,Meg,Claudine,Meg.Claudine@gmail.com
2558,Valeda,Jess,Valeda.Jess@gmail.com
2559,Vevay,Baptlsta,Vevay.Baptlsta@gmail.com
2560,Nerta,Newell,Nerta.Newell@gmail.com
2561,Wanda,Westphal,Wanda.Westphal@gmail.com
2562,Sidoney,Joachim,Sidoney.Joachim@gmail.com
2563,Ardenia,Cleavland,Ardenia.Cleavland@gmail.com
2564,Kenna,Liva,Kenna.Liva@gmail.com
2565,Aili,Bennie,Aili.Bennie@gmail.com
2566,Ninnetta,Jehu,Ninnetta.Jehu@gmail.com
2567,Roz,Guildroy,Roz.Guildroy@gmail.com
2568,Ninnetta,Hirsch,Ninnetta.Hirsch@gmail.com
2569,Sashenka,Rurik,Sashenka.Rurik@gmail.com
2570,Briney,Aurelio,Briney.Aurelio@gmail.com
2571,Hyacinthe,Gahl,Hyacinthe.Gahl@gmail.com
2572,Stacey,Seumas,Stacey.Seumas@gmail.com
2573,Pollyanna,Cherianne,Pollyanna.Cherianne@gmail.com
2574,Cacilie,Arvo,Cacilie.Arvo@gmail.com
2575,Dacia,Faso,Dacia.Faso@gmail.com
2576,Rivalee,Soneson,Rivalee.Soneson@gmail.com
2577,Melisent,Sherfield,Melisent.Sherfield@gmail.com
2578,Norine,Reidar,Norine.Reidar@gmail.com
2579,Cordi,Dreda,Cordi.Dreda@gmail.com
2580,Corina,Norvol,Corina.Norvol@gmail.com
2581,Yvonne,Love,Yvonne.Love@gmail.com
2582,Jordan,Phaidra,Jordan.Phaidra@gmail.com
2583,Allyce,Rebecka,Allyce.Rebecka@gmail.com
2584,Lilith,Andrel,Lilith.Andrel@gmail.com
2585,Albertina,Nikaniki,Albertina.Nikaniki@gmail.com
2586,Angela,Billye,Angela.Billye@gmail.com
2587,Daune,Louanna,Daune.Louanna@gmail.com
2588,Agathe,Dearborn,Agathe.Dearborn@gmail.com
2589,Deirdre,Bandeen,Deirdre.Bandeen@gmail.com
2590,Gale,Grayce,Gale.Grayce@gmail.com
2591,Teriann,Mandler,Teriann.Mandler@gmail.com
2592,Tarra,Lanita,Tarra.Lanita@gmail.com
2593,Tersina,Raimondo,Tersina.Raimondo@gmail.com
2594,Kittie,Sammons,Kittie.Sammons@gmail.com
2595,Lacie,Sancho,Lacie.Sancho@gmail.com
2596,Tina,Curren,Tina.Curren@gmail.com
2597,Marline,McAdams,Marline.McAdams@gmail.com
2598,Nessie,Heidt,Nessie.Heidt@gmail.com
2599,Britte,Dawkins,Britte.Dawkins@gmail.com
2600,Hannis,Andrel,Hannis.Andrel@gmail.com
2601,Veda,Gaulin,Veda.Gaulin@gmail.com
2602,Jordan,Stefa,Jordan.Stefa@gmail.com
2603,Elvira,Kravits,Elvira.Kravits@gmail.com
2604,Albertina,Lunsford,Albertina.Lunsford@gmail.com
2605,Mamie,Ogren,Mamie.Ogren@gmail.com
2606,Nerta,Loring,Nerta.Loring@gmail.com
2607,Caressa,Rheingold,Caressa.Rheingold@gmail.com
2608,Alia,Carmena,Alia.Carmena@gmail.com
2609,Cathie,Redmond,Cathie.Redmond@gmail.com
2610,Aubrie,Barrus,Aubrie.Barrus@gmail.com
2611,Edyth,Miru,Edyth.Miru@gmail.com
2612,Tami,Thar,Tami.Thar@gmail.com
2613,Claudina,Zamora,Claudina.Zamora@gmail.com
2614,Olwen,Wilona,Olwen.Wilona@gmail.com
2615,Kate,Ranjiv,Kate.Ranjiv@gmail.com
2616,Yolane,Anastatius,Yolane.Anastatius@gmail.com
2617,Edyth,Matthew,Edyth.Matthew@gmail.com
2618,Alisha,Schenck,Alisha.Schenck@gmail.com
2619,Micheline,Koehler,Micheline.Koehler@gmail.com
2620,Anallese,Catie,Anallese.Catie@gmail.com
2621,Viki,Alrich,Viki.Alrich@gmail.com
2622,Marika,Granoff,Marika.Granoff@gmail.com
2623,Leeanne,Boycey,Leeanne.Boycey@gmail.com
2624,Adelle,Morehouse,Adelle.Morehouse@gmail.com
2625,Helena,Cornelia,Helena.Cornelia@gmail.com
2626,Katleen,Florina,Katleen.Florina@gmail.com
2627,Ruthe,Drisko,Ruthe.Drisko@gmail.com
2628,Ann-Marie,Honoria,Ann-Marie.Honoria@gmail.com
2629,Kate,Grobe,Kate.Grobe@gmail.com
2630,Nyssa,Nickola,Nyssa.Nickola@gmail.com
2631,Gretal,Lanita,Gretal.Lanita@gmail.com
2632,Linzy,Alarise,Linzy.Alarise@gmail.com
2633,Alameda,Tillford,Alameda.Tillford@gmail.com
2634,Valera,Rhu,Valera.Rhu@gmail.com
2635,Jorry,Lalitta,Jorry.Lalitta@gmail.com
2636,Marinna,Millda,Marinna.Millda@gmail.com
2637,Kelly,Stacy,Kelly.Stacy@gmail.com
2638,Mellicent,Beniamino,Mellicent.Beniamino@gmail.com
2639,Stacey,Estella,Stacey.Estella@gmail.com
2640,Priscilla,Bearnard,Priscilla.Bearnard@gmail.com
2641,Chickie,Ophelia,Chickie.Ophelia@gmail.com